"2024-08-15T14:42:05Z";"CREATE_CHEST";"{"chest":{"location":{"world":"world","x":-115.0,"y":78.0,"z":-150.0},"createdAt":1723732925665,"expireAt":-1,"owner":{"name":"KKK","op":false,"id":"7dc47e18-f71e-3c49-aad5-6774a6fdabd3","entity-id":5679,"location":{"world":"world","x":-115.01687688075408,"y":78.22149363870948,"z":-149.69625364292742,"yaw":97.588104,"pitch":50.249992}},"isProtected":false,"inventory":{"type":"CHEST","size":9,"content":[{"v":3839,"type":"STONE_SWORD"},{"v":3839,"type":"STONE_PICKAXE","meta":{"meta-type":"UNSPECIFIC","Damage":19}},{"v":3839,"type":"STONE_AXE"},{"v":3839,"type":"MANGROVE_PLANKS","amount":27},{"v":3839,"type":"WOODEN_PICKAXE","meta":{"meta-type":"UNSPECIFIC","Damage":11}},{"v":3839,"type":"STICK"},{"v":3839,"type":"SPRUCE_LOG"}]}}}"
"2024-08-15T14:43:12Z";"DESTROY_CHEST";"{"chest":{"location":{"world":"world","x":-115.0,"y":78.0,"z":-150.0},"createdAt":1723732925665,"expireAt":-1,"owner":{"name":"KKK","op":false,"id":"7dc47e18-f71e-3c49-aad5-6774a6fdabd3","entity-id":5679,"location":{"world":"world","x":-112.65622811189046,"y":78.0,"z":-148.96798445297418,"yaw":108.14975,"pitch":33.749977}},"isProtected":false,"inventory":{"type":"CHEST","size":9,"content":[]}},"reason":"PLAYER","extra":{"player":{"name":"KKK","op":false,"id":"7dc47e18-f71e-3c49-aad5-6774a6fdabd3","entity-id":5679,"location":{"world":"world","x":-112.65622811189046,"y":78.0,"z":-148.96798445297418,"yaw":108.14975,"pitch":33.749977}}}}"
"2024-08-15T14:49:53Z";"CREATE_CHEST";"{"chest":{"location":{"world":"world","x":-18.0,"y":63.0,"z":-86.0},"createdAt":1723733393463,"expireAt":-1,"owner":{"name":"KKK","op":false,"id":"7dc47e18-f71e-3c49-aad5-6774a6fdabd3","entity-id":5679,"location":{"world":"world","x":-17.29051913497271,"y":63.0,"z":-86.20330770773722,"yaw":-146.84827,"pitch":1.6499652}},"isProtected":false,"inventory":{"type":"CHEST","size":18,"content":[{"v":3839,"type":"STONE_SWORD","meta":{"meta-type":"UNSPECIFIC","Damage":39}},{"v":3839,"type":"STONE_PICKAXE","meta":{"meta-type":"UNSPECIFIC","Damage":19}},{"v":3839,"type":"STONE_AXE","meta":{"meta-type":"UNSPECIFIC","Damage":9}},{"v":3839,"type":"WOODEN_PICKAXE","meta":{"meta-type":"UNSPECIFIC","Damage":11}},{"v":3839,"type":"MANGROVE_PLANKS","amount":27},{"v":3839,"type":"PORKCHOP","amount":19},{"v":3839,"type":"WHEAT"},{"v":3839,"type":"CRAFTING_TABLE"},{"v":3839,"type":"ARROW"},{"v":3839,"type":"GRAY_WOOL"},{"v":3839,"type":"STICK"},{"v":3839,"type":"WHITE_WOOL","amount":2},{"v":3839,"type":"CHICKEN"},{"v":3839,"type":"BROWN_MUSHROOM","amount":4},{"v":3839,"type":"BEEF"},{"v":3839,"type":"ROTTEN_FLESH","amount":2},{"v":3839,"type":"SPRUCE_PLANKS","amount":4}]}}}"
"2024-08-15T14:51:44Z";"DESTROY_CHEST";"{"chest":{"location":{"world":"world","x":-18.0,"y":63.0,"z":-86.0},"createdAt":1723733393463,"expireAt":-1,"owner":{"name":"KKK","op":false,"id":"7dc47e18-f71e-3c49-aad5-6774a6fdabd3","entity-id":5679,"location":{"world":"world","x":-17.105557357155682,"y":63.0,"z":-84.27439071833685,"yaw":166.6521,"pitch":33.750027}},"isProtected":false,"inventory":{"type":"CHEST","size":18,"content":[]}},"reason":"PLAYER","extra":{"player":{"name":"KKK","op":false,"id":"7dc47e18-f71e-3c49-aad5-6774a6fdabd3","entity-id":5679,"location":{"world":"world","x":-17.105557357155682,"y":63.0,"z":-84.27439071833685,"yaw":166.6521,"pitch":33.750027}}}}"
"2024-08-15T14:52:35Z";"CREATE_CHEST";"{"chest":{"location":{"world":"world","x":47.0,"y":61.0,"z":-243.0},"createdAt":1723733555411,"expireAt":-1,"owner":{"name":"KKK","op":false,"id":"7dc47e18-f71e-3c49-aad5-6774a6fdabd3","entity-id":5679,"location":{"world":"world","x":47.30000001192093,"y":61.0,"z":-242.30000001192093,"yaw":-92.245544,"pitch":-90.0}},"isProtected":false,"inventory":{"type":"CHEST","size":18,"content":[{"v":3839,"type":"STONE_SWORD","meta":{"meta-type":"UNSPECIFIC","Damage":39}},{"v":3839,"type":"STONE_AXE","meta":{"meta-type":"UNSPECIFIC","Damage":9}},{"v":3839,"type":"STONE_PICKAXE","meta":{"meta-type":"UNSPECIFIC","Damage":19}},{"v":3839,"type":"WHITE_WOOL","amount":2},{"v":3839,"type":"PORKCHOP","amount":18},{"v":3839,"type":"CHICKEN"},{"v":3839,"type":"STICK"},{"v":3839,"type":"GRAY_WOOL"},{"v":3839,"type":"SAND","amount":3},{"v":3839,"type":"MANGROVE_PLANKS","amount":27},{"v":3839,"type":"WOODEN_PICKAXE","meta":{"meta-type":"UNSPECIFIC","Damage":11}},{"v":3839,"type":"ARROW"},{"v":3839,"type":"CRAFTING_TABLE"},{"v":3839,"type":"SPRUCE_PLANKS","amount":4},{"v":3839,"type":"ROTTEN_FLESH","amount":2},{"v":3839,"type":"WHEAT"},{"v":3839,"type":"BEEF"},{"v":3839,"type":"BROWN_MUSHROOM","amount":4}]}}}"
"2024-08-15T14:53:59Z";"DESTROY_CHEST";"{"chest":{"location":{"world":"world","x":47.0,"y":61.0,"z":-243.0},"createdAt":1723733555411,"expireAt":-1,"owner":{"name":"KKK","op":false,"id":"7dc47e18-f71e-3c49-aad5-6774a6fdabd3","entity-id":5679,"location":{"world":"world","x":47.61285028955684,"y":61.875,"z":-242.54921330846133,"yaw":-138.5971,"pitch":90.0}},"isProtected":false,"inventory":{"type":"CHEST","size":18,"content":[]}},"reason":"PLAYER","extra":{"player":{"name":"KKK","op":false,"id":"7dc47e18-f71e-3c49-aad5-6774a6fdabd3","entity-id":5679,"location":{"world":"world","x":47.61285028955684,"y":61.875,"z":-242.54921330846133,"yaw":-138.5971,"pitch":90.0}}}}"
"2024-08-15T15:12:54Z";"CREATE_CHEST";"{"chest":{"location":{"world":"world","x":-146.0,"y":75.0,"z":227.0},"createdAt":1723734774458,"expireAt":-1,"owner":{"name":"pes_3243","op":false,"id":"2e6d5ac0-9c29-3520-a459-c48b0a964063","entity-id":891,"location":{"world":"world","x":-145.53489637229396,"y":75.0,"z":226.9874932629982,"yaw":-27.740234,"pitch":24.150126}},"isProtected":false,"inventory":{"type":"CHEST","size":36,"content":[{"v":3839,"type":"STONE_SWORD","meta":{"meta-type":"UNSPECIFIC","Damage":12}},{"v":3839,"type":"STONE_PICKAXE","meta":{"meta-type":"UNSPECIFIC","Damage":47}},{"v":3839,"type":"STRING"},{"v":3839,"type":"STONE_SHOVEL","meta":{"meta-type":"UNSPECIFIC","Damage":49}},{"v":3839,"type":"SPRUCE_DOOR","amount":2},{"v":3839,"type":"COBBLESTONE","amount":51},{"v":3839,"type":"COBBLESTONE","amount":61},{"v":3839,"type":"FLOWERING_AZALEA"},{"v":3839,"type":"TORCH"},{"v":3839,"type":"DIRT","amount":11},{"v":3839,"type":"CLAY_BALL","amount":64},{"v":3839,"type":"CLAY_BALL","amount":64},{"v":3839,"type":"COBBLESTONE","amount":64},{"v":3839,"type":"CLAY_BALL","amount":64},{"v":3839,"type":"COBBLESTONE","amount":64},{"v":3839,"type":"GRAVEL","amount":23},{"v":3839,"type":"FLINT","amount":6},{"v":3839,"type":"MANGROVE_PLANKS","amount":8},{"v":3839,"type":"COAL","amount":46},{"v":3839,"type":"STONE_SHOVEL","meta":{"meta-type":"UNSPECIFIC","Damage":59}},{"v":3839,"type":"CLAY_BALL","amount":64},{"v":3839,"type":"SPRUCE_PLANKS","amount":3},{"v":3839,"type":"WOODEN_PICKAXE","meta":{"meta-type":"UNSPECIFIC","Damage":9}},{"v":3839,"type":"BONE"},{"v":3839,"type":"CLAY_BALL","amount":52},{"v":3839,"type":"MOSS_BLOCK","amount":2},{"v":3839,"type":"GUNPOWDER","amount":2},{"v":3839,"type":"WHEAT_SEEDS"},{"v":3839,"type":"COBBLESTONE","amount":64},{"v":3839,"type":"BROWN_MUSHROOM","amount":11},{"v":3839,"type":"BLUE_ORCHID","amount":9},{"v":3839,"type":"SPRUCE_SAPLING"},{"v":3839,"type":"SUGAR_CANE","amount":2},{"v":3839,"type":"ROTTEN_FLESH"},{"v":3839,"type":"COBBLESTONE","amount":8}]}}}"
"2024-08-15T15:14:27Z";"DESTROY_CHEST";"{"chest":{"location":{"world":"world","x":-146.0,"y":75.0,"z":227.0},"createdAt":1723734774458,"expireAt":-1,"owner":{"name":"pes_3243","op":false,"id":"2e6d5ac0-9c29-3520-a459-c48b0a964063","entity-id":891,"location":{"world":"world","x":-145.71395687146187,"y":75.0,"z":228.49181590063256,"yaw":168.90143,"pitch":37.050003}},"isProtected":false,"inventory":{"type":"CHEST","size":36,"content":[]}},"reason":"PLAYER","extra":{"player":{"name":"pes_3243","op":false,"id":"2e6d5ac0-9c29-3520-a459-c48b0a964063","entity-id":891,"location":{"world":"world","x":-145.71395687146187,"y":75.0,"z":228.49181590063256,"yaw":168.90143,"pitch":37.050003}}}}"
"2024-08-15T16:22:13Z";"CREATE_CHEST";"{"chest":{"location":{"world":"world","x":-389.0,"y":56.0,"z":-1871.0},"createdAt":1723738933260,"expireAt":-1,"owner":{"name":"KKK","op":false,"id":"7dc47e18-f71e-3c49-aad5-6774a6fdabd3","entity-id":35244,"location":{"world":"world","x":-388.77457131896773,"y":56.0,"z":-1872.1098948239287,"yaw":158.69482,"pitch":1.7999164}},"isProtected":false,"inventory":{"type":"CHEST","size":45,"content":[{"v":3839,"type":"IRON_SWORD","meta":{"meta-type":"UNSPECIFIC","Damage":23}},{"v":3839,"type":"IRON_PICKAXE","meta":{"meta-type":"UNSPECIFIC","Damage":25}},{"v":3839,"type":"STONE_AXE","meta":{"meta-type":"UNSPECIFIC","Damage":57}},{"v":3839,"type":"TORCH","amount":15},{"v":3839,"type":"SHEARS","meta":{"meta-type":"UNSPECIFIC","Damage":4}},{"v":3839,"type":"BOW","meta":{"meta-type":"UNSPECIFIC","Damage":27}},{"v":3839,"type":"BREAD","amount":2},{"v":3839,"type":"IRON_SHOVEL","meta":{"meta-type":"UNSPECIFIC","Damage":1}},{"v":3839,"type":"FISHING_ROD","meta":{"meta-type":"UNSPECIFIC","enchants":{"minecraft:lure":2},"Damage":12}},{"v":3839,"type":"GLOW_BERRIES","amount":10},{"v":3839,"type":"ARROW","amount":40},{"v":3839,"type":"ARROW","amount":64},{"v":3839,"type":"ARROW","amount":18},{"v":3839,"type":"EMERALD","amount":4},{"v":3839,"type":"COOKED_BEEF","amount":9},{"v":3839,"type":"COOKED_MUTTON","amount":4},{"v":3839,"type":"STRING","amount":3},{"v":3839,"type":"COOKED_COD","amount":9},{"v":3839,"type":"COOKED_SALMON","amount":2},{"v":3839,"type":"IRON_AXE","meta":{"meta-type":"UNSPECIFIC","enchants":{"minecraft:fortune":2,"minecraft:efficiency":3,"minecraft:unbreaking":3},"Damage":198}},{"v":3839,"type":"SOUL_LANTERN","amount":5},{"v":3839,"type":"PAINTING","amount":2},{"v":3839,"type":"GLASS_BOTTLE"},{"v":3839,"type":"JUKEBOX"},{"v":3839,"type":"RAW_GOLD_BLOCK","amount":2},{"v":3839,"type":"GOLD_BLOCK"},{"v":3839,"type":"WAXED_COPPER_BLOCK"},{"v":3839,"type":"WAXED_OXIDIZED_COPPER","amount":4},{"v":3839,"type":"MUTTON","amount":8},{"v":3839,"type":"ANVIL"},{"v":3839,"type":"REDSTONE","amount":5},{"v":3839,"type":"ENCHANTED_BOOK","meta":{"meta-type":"ENCHANTED","stored-enchants":{"minecraft:sharpness":2}}},{"v":3839,"type":"PAPER","amount":14},{"v":3839,"type":"DIAMOND","amount":2},{"v":3839,"type":"COOKED_PORKCHOP","amount":4},{"v":3839,"type":"BONE","amount":10},{"v":3839,"type":"IRON_BOOTS","meta":{"meta-type":"ARMOR","Damage":14}},{"v":3839,"type":"IRON_LEGGINGS","meta":{"meta-type":"ARMOR","Damage":14}},{"v":3839,"type":"IRON_CHESTPLATE","meta":{"meta-type":"ARMOR","Damage":14}},{"v":3839,"type":"IRON_HELMET","meta":{"meta-type":"ARMOR","Damage":14}},{"v":3839,"type":"SHIELD"}]}}}"
"2024-08-15T16:25:50Z";"DESTROY_CHEST";"{"chest":{"location":{"world":"world","x":-389.0,"y":56.0,"z":-1871.0},"createdAt":1723738933260,"expireAt":-1,"owner":{"name":"KKK","op":false,"id":"7dc47e18-f71e-3c49-aad5-6774a6fdabd3","entity-id":35244,"location":{"world":"world","x":-389.2685818874892,"y":56.0,"z":-1869.300000011921,"yaw":-152.84726,"pitch":31.200031}},"isProtected":false,"inventory":{"type":"CHEST","size":45,"content":[]}},"reason":"PLAYER","extra":{"player":{"name":"KKK","op":false,"id":"7dc47e18-f71e-3c49-aad5-6774a6fdabd3","entity-id":35244,"location":{"world":"world","x":-389.2685818874892,"y":56.0,"z":-1869.300000011921,"yaw":-152.84726,"pitch":31.200031}}}}"
"2024-08-15T16:26:22Z";"CREATE_CHEST";"{"chest":{"location":{"world":"world","x":-389.0,"y":56.0,"z":-1867.0},"createdAt":1723739182061,"expireAt":-1,"owner":{"name":"KKK","op":false,"id":"7dc47e18-f71e-3c49-aad5-6774a6fdabd3","entity-id":35244,"location":{"world":"world","x":-388.42126215189074,"y":56.0625,"z":-1867.0187621196192,"yaw":24.752533,"pitch":0.15005292}},"isProtected":false,"inventory":{"type":"CHEST","size":45,"content":[{"v":3839,"type":"IRON_SWORD","meta":{"meta-type":"UNSPECIFIC","Damage":23}},{"v":3839,"type":"IRON_PICKAXE","meta":{"meta-type":"UNSPECIFIC","Damage":25}},{"v":3839,"type":"BOW","meta":{"meta-type":"UNSPECIFIC","Damage":29}},{"v":3839,"type":"STONE_AXE","meta":{"meta-type":"UNSPECIFIC","Damage":57}},{"v":3839,"type":"TORCH","amount":15},{"v":3839,"type":"SHEARS","meta":{"meta-type":"UNSPECIFIC","Damage":4}},{"v":3839,"type":"COOKED_COD","amount":9},{"v":3839,"type":"IRON_SHOVEL","meta":{"meta-type":"UNSPECIFIC","Damage":1}},{"v":3839,"type":"FISHING_ROD","meta":{"meta-type":"UNSPECIFIC","enchants":{"minecraft:lure":2},"Damage":12}},{"v":3839,"type":"WAXED_OXIDIZED_COPPER","amount":4},{"v":3839,"type":"MUTTON","amount":8},{"v":3839,"type":"ANVIL"},{"v":3839,"type":"REDSTONE","amount":5},{"v":3839,"type":"ENCHANTED_BOOK","meta":{"meta-type":"ENCHANTED","stored-enchants":{"minecraft:sharpness":2}}},{"v":3839,"type":"PAPER","amount":14},{"v":3839,"type":"DIAMOND","amount":2},{"v":3839,"type":"COOKED_PORKCHOP","amount":4},{"v":3839,"type":"BONE","amount":10},{"v":3839,"type":"WAXED_COPPER_BLOCK"},{"v":3839,"type":"GOLD_BLOCK"},{"v":3839,"type":"RAW_GOLD_BLOCK","amount":2},{"v":3839,"type":"JUKEBOX"},{"v":3839,"type":"GLASS_BOTTLE"},{"v":3839,"type":"PAINTING","amount":2},{"v":3839,"type":"SOUL_LANTERN","amount":5},{"v":3839,"type":"IRON_AXE","meta":{"meta-type":"UNSPECIFIC","enchants":{"minecraft:fortune":2,"minecraft:efficiency":3,"minecraft:unbreaking":3},"Damage":198}},{"v":3839,"type":"COOKED_SALMON","amount":2},{"v":3839,"type":"GLOW_BERRIES","amount":10},{"v":3839,"type":"ARROW","amount":56},{"v":3839,"type":"ARROW","amount":64},{"v":3839,"type":"STRING","amount":3},{"v":3839,"type":"EMERALD","amount":4},{"v":3839,"type":"COOKED_BEEF","amount":9},{"v":3839,"type":"COOKED_MUTTON","amount":4},{"v":3839,"type":"BREAD","amount":2},{"v":3839,"type":"IRON_BOOTS","meta":{"meta-type":"ARMOR","Damage":22}},{"v":3839,"type":"IRON_LEGGINGS","meta":{"meta-type":"ARMOR","Damage":22}},{"v":3839,"type":"IRON_CHESTPLATE","meta":{"meta-type":"ARMOR","Damage":22}},{"v":3839,"type":"IRON_HELMET","meta":{"meta-type":"ARMOR","Damage":22}},{"v":3839,"type":"SHIELD"}]}}}"
"2024-08-15T16:26:36Z";"CREATE_CHEST";"{"chest":{"location":{"world":"world","x":-389.0,"y":56.0,"z":-1866.0},"createdAt":1723739196260,"expireAt":-1,"owner":{"name":"pes_3243","op":false,"id":"2e6d5ac0-9c29-3520-a459-c48b0a964063","entity-id":891,"location":{"world":"world","x":-388.2602076168984,"y":56.0,"z":-1865.7175890621304,"yaw":98.09802,"pitch":39.45005}},"isProtected":false,"inventory":{"type":"CHEST","size":45,"content":[{"v":3839,"type":"IRON_SWORD","meta":{"meta-type":"UNSPECIFIC","Damage":67}},{"v":3839,"type":"IRON_PICKAXE","meta":{"meta-type":"UNSPECIFIC","Damage":9}},{"v":3839,"type":"STONE_AXE","meta":{"meta-type":"UNSPECIFIC","Damage":31}},{"v":3839,"type":"BREAD","amount":9},{"v":3839,"type":"COBBLESTONE_STAIRS"},{"v":3839,"type":"OAK_PLANKS","amount":3},{"v":3839,"type":"SWEET_BERRIES","amount":3},{"v":3839,"type":"CLAY_BALL","amount":64},{"v":3839,"type":"PUMPKIN"},{"v":3839,"type":"OAK_LOG","amount":17},{"v":3839,"type":"SUGAR_CANE","amount":4},{"v":3839,"type":"STONE_PICKAXE","meta":{"meta-type":"UNSPECIFIC","Damage":47}},{"v":3839,"type":"RAW_IRON","amount":3},{"v":3839,"type":"STONE_SHOVEL","meta":{"meta-type":"UNSPECIFIC","Damage":49}},{"v":3839,"type":"COBBLESTONE","amount":64},{"v":3839,"type":"TORCH"},{"v":3839,"type":"GRAVEL","amount":64},{"v":3839,"type":"BOOK"},{"v":3839,"type":"STONE_PICKAXE"},{"v":3839,"type":"LANTERN","amount":2},{"v":3839,"type":"STICK","amount":10},{"v":3839,"type":"BIRCH_PLANKS","amount":60},{"v":3839,"type":"CLAY_BALL","amount":64},{"v":3839,"type":"CLAY_BALL","amount":64},{"v":3839,"type":"COBBLESTONE","amount":51},{"v":3839,"type":"CLAY_BALL","amount":64},{"v":3839,"type":"CLAY_BALL","amount":64},{"v":3839,"type":"FISHING_ROD","meta":{"meta-type":"UNSPECIFIC","enchants":{"minecraft:lure":2}}},{"v":3839,"type":"CLAY_BALL","amount":64},{"v":3839,"type":"BIRCH_SLAB","amount":4},{"v":3839,"type":"STONE_SHOVEL","meta":{"meta-type":"UNSPECIFIC","Damage":59}},{"v":3839,"type":"PUMPKIN_SEEDS","amount":4},{"v":3839,"type":"OAK_STAIRS","amount":2},{"v":3839,"type":"COBBLESTONE","amount":64},{"v":3839,"type":"COBBLESTONE","amount":64},{"v":3839,"type":"STRING","amount":7},{"v":3839,"type":"IRON_BOOTS","meta":{"meta-type":"ARMOR","Damage":15}},{"v":3839,"type":"IRON_LEGGINGS","meta":{"meta-type":"ARMOR","Damage":15}},{"v":3839,"type":"IRON_CHESTPLATE","meta":{"meta-type":"ARMOR","Damage":15}},{"v":3839,"type":"IRON_HELMET","meta":{"meta-type":"ARMOR","Damage":15}},{"v":3839,"type":"SHIELD"}]}}}"
"2024-08-15T16:28:44Z";"DESTROY_CHEST";"{"chest":{"location":{"world":"world","x":-389.0,"y":56.0,"z":-1867.0},"createdAt":1723739182061,"expireAt":-1,"owner":{"name":"KKK","op":false,"id":"7dc47e18-f71e-3c49-aad5-6774a6fdabd3","entity-id":35244,"location":{"world":"world","x":-389.2224200410275,"y":56.0,"z":-1869.8139367072251,"yaw":-18.749207,"pitch":15.299944}},"isProtected":false,"inventory":{"type":"CHEST","size":45,"content":[]}},"reason":"PLAYER","extra":{"player":{"name":"KKK","op":false,"id":"7dc47e18-f71e-3c49-aad5-6774a6fdabd3","entity-id":35244,"location":{"world":"world","x":-389.2224200410275,"y":56.0,"z":-1869.8139367072251,"yaw":-18.749207,"pitch":15.299944}}}}"
"2024-08-15T16:28:57Z";"CREATE_CHEST";"{"chest":{"location":{"world":"world","x":-389.0,"y":56.0,"z":-1881.0},"createdAt":1723739337463,"expireAt":-1,"owner":{"name":"pes_3243","op":false,"id":"2e6d5ac0-9c29-3520-a459-c48b0a964063","entity-id":891,"location":{"world":"world","x":-388.4627136618958,"y":56.0,"z":-1880.5351242108084,"yaw":-7.2002563,"pitch":11.850007}},"isProtected":false,"inventory":{"type":"CHEST","size":9,"content":[{"v":3839,"type":"IRON_BOOTS","meta":{"meta-type":"ARMOR","Damage":18}},{"v":3839,"type":"IRON_LEGGINGS","meta":{"meta-type":"ARMOR","Damage":15}},{"v":3839,"type":"IRON_CHESTPLATE","meta":{"meta-type":"ARMOR","Damage":15}},{"v":3839,"type":"IRON_HELMET","meta":{"meta-type":"ARMOR","Damage":15}}]}}}"
"2024-08-15T16:28:59Z";"CREATE_CHEST";"{"chest":{"location":{"world":"world","x":-389.0,"y":56.0,"z":-1880.0},"createdAt":1723739339709,"expireAt":-1,"owner":{"name":"KKK","op":false,"id":"7dc47e18-f71e-3c49-aad5-6774a6fdabd3","entity-id":35244,"location":{"world":"world","x":-388.30000001192093,"y":56.0,"z":-1879.762499988079,"yaw":32.250854,"pitch":-3.0000644}},"isProtected":false,"inventory":{"type":"CHEST","size":45,"content":[{"v":3839,"type":"EMERALD","amount":4},{"v":3839,"type":"IRON_PICKAXE","meta":{"meta-type":"UNSPECIFIC","Damage":25}},{"v":3839,"type":"BOW","meta":{"meta-type":"UNSPECIFIC","Damage":29}},{"v":3839,"type":"ARROW","amount":64},{"v":3839,"type":"GLOW_BERRIES","amount":10},{"v":3839,"type":"PAPER","amount":14},{"v":3839,"type":"DIAMOND","amount":2},{"v":3839,"type":"IRON_SHOVEL","meta":{"meta-type":"UNSPECIFIC","Damage":1}},{"v":3839,"type":"COOKED_PORKCHOP","amount":4},{"v":3839,"type":"FISHING_ROD","meta":{"meta-type":"UNSPECIFIC","enchants":{"minecraft:lure":2},"Damage":12}},{"v":3839,"type":"BONE","amount":10},{"v":3839,"type":"COOKED_COD","amount":9},{"v":3839,"type":"SHEARS","meta":{"meta-type":"UNSPECIFIC","Damage":4}},{"v":3839,"type":"TORCH","amount":15},{"v":3839,"type":"STONE_AXE","meta":{"meta-type":"UNSPECIFIC","Damage":57}},{"v":3839,"type":"ARROW","amount":56},{"v":3839,"type":"STRING","amount":3},{"v":3839,"type":"IRON_SWORD","meta":{"meta-type":"UNSPECIFIC","Damage":23}},{"v":3839,"type":"WAXED_OXIDIZED_COPPER","amount":4},{"v":3839,"type":"MUTTON","amount":8},{"v":3839,"type":"ANVIL"},{"v":3839,"type":"REDSTONE","amount":5},{"v":3839,"type":"WAXED_COPPER_BLOCK"},{"v":3839,"type":"GOLD_BLOCK"},{"v":3839,"type":"RAW_GOLD_BLOCK","amount":2},{"v":3839,"type":"JUKEBOX"},{"v":3839,"type":"GLASS_BOTTLE"},{"v":3839,"type":"PAINTING","amount":2},{"v":3839,"type":"SOUL_LANTERN","amount":5},{"v":3839,"type":"IRON_AXE","meta":{"meta-type":"UNSPECIFIC","enchants":{"minecraft:fortune":2,"minecraft:efficiency":3,"minecraft:unbreaking":3},"Damage":198}},{"v":3839,"type":"COOKED_SALMON","amount":2},{"v":3839,"type":"ENCHANTED_BOOK","meta":{"meta-type":"ENCHANTED","stored-enchants":{"minecraft:sharpness":2}}},{"v":3839,"type":"BREAD","amount":2},{"v":3839,"type":"COOKED_MUTTON","amount":4},{"v":3839,"type":"COOKED_BEEF","amount":9},{"v":3839,"type":"IRON_BOOTS","meta":{"meta-type":"ARMOR","Damage":25}},{"v":3839,"type":"IRON_LEGGINGS","meta":{"meta-type":"ARMOR","Damage":25}},{"v":3839,"type":"IRON_CHESTPLATE","meta":{"meta-type":"ARMOR","Damage":25}},{"v":3839,"type":"IRON_HELMET","meta":{"meta-type":"ARMOR","Damage":25}},{"v":3839,"type":"SHIELD"}]}}}"
"2024-08-15T16:31:09Z";"DESTROY_CHEST";"{"chest":{"location":{"world":"world","x":-389.0,"y":56.0,"z":-1880.0},"createdAt":1723739339709,"expireAt":-1,"owner":{"name":"KKK","op":false,"id":"7dc47e18-f71e-3c49-aad5-6774a6fdabd3","entity-id":35244,"location":{"world":"world","x":-388.43226057836966,"y":56.0,"z":-1881.237500011921,"yaw":1.8005455,"pitch":22.050032}},"isProtected":false,"inventory":{"type":"CHEST","size":45,"content":[]}},"reason":"PLAYER","extra":{"player":{"name":"KKK","op":false,"id":"7dc47e18-f71e-3c49-aad5-6774a6fdabd3","entity-id":35244,"location":{"world":"world","x":-388.43226057836966,"y":56.0,"z":-1881.237500011921,"yaw":1.8005455,"pitch":22.050032}}}}"
"2024-08-15T16:31:29Z";"DESTROY_CHEST";"{"chest":{"location":{"world":"world","x":-389.0,"y":56.0,"z":-1881.0},"createdAt":1723739337463,"expireAt":-1,"owner":{"name":"pes_3243","op":false,"id":"2e6d5ac0-9c29-3520-a459-c48b0a964063","entity-id":891,"location":{"world":"world","x":-388.69999998807907,"y":56.0,"z":-1881.237500011921,"yaw":-4.200565,"pitch":43.64998}},"isProtected":false,"inventory":{"type":"CHEST","size":9,"content":[]}},"reason":"PLAYER","extra":{"player":{"name":"pes_3243","op":false,"id":"2e6d5ac0-9c29-3520-a459-c48b0a964063","entity-id":891,"location":{"world":"world","x":-388.69999998807907,"y":56.0,"z":-1881.237500011921,"yaw":-4.200565,"pitch":43.64998}}}}"
"2024-08-15T16:31:54Z";"CREATE_CHEST";"{"chest":{"location":{"world":"world","x":-388.0,"y":56.0,"z":-1873.0},"createdAt":1723739514418,"expireAt":-1,"owner":{"name":"KKK","op":false,"id":"7dc47e18-f71e-3c49-aad5-6774a6fdabd3","entity-id":35244,"location":{"world":"world","x":-387.7497309116688,"y":56.0,"z":-1872.4945661405397,"yaw":174.45062,"pitch":17.700071}},"isProtected":false,"inventory":{"type":"CHEST","size":45,"content":[{"v":3839,"type":"IRON_SWORD","meta":{"meta-type":"UNSPECIFIC","Damage":23}},{"v":3839,"type":"IRON_PICKAXE","meta":{"meta-type":"UNSPECIFIC","Damage":25}},{"v":3839,"type":"IRON_AXE","meta":{"meta-type":"UNSPECIFIC","enchants":{"minecraft:fortune":2,"minecraft:efficiency":3,"minecraft:unbreaking":3},"Damage":198}},{"v":3839,"type":"BOW","meta":{"meta-type":"UNSPECIFIC","Damage":31}},{"v":3839,"type":"TORCH","amount":15},{"v":3839,"type":"COOKED_COD","amount":9},{"v":3839,"type":"SHEARS","meta":{"meta-type":"UNSPECIFIC","Damage":4}},{"v":3839,"type":"IRON_SHOVEL","meta":{"meta-type":"UNSPECIFIC","Damage":1}},{"v":3839,"type":"FISHING_ROD","meta":{"meta-type":"UNSPECIFIC","enchants":{"minecraft:lure":2},"Damage":12}},{"v":3839,"type":"ENCHANTED_BOOK","meta":{"meta-type":"ENCHANTED","stored-enchants":{"minecraft:sharpness":2}}},{"v":3839,"type":"EMERALD","amount":4},{"v":3839,"type":"COOKED_SALMON","amount":2},{"v":3839,"type":"PAINTING","amount":2},{"v":3839,"type":"ARROW","amount":54},{"v":3839,"type":"GLOW_BERRIES","amount":10},{"v":3839,"type":"PAPER","amount":14},{"v":3839,"type":"DIAMOND","amount":2},{"v":3839,"type":"MUTTON","amount":8},{"v":3839,"type":"COOKED_PORKCHOP","amount":4},{"v":3839,"type":"ARROW","amount":64},{"v":3839,"type":"STRING","amount":3},{"v":3839,"type":"BREAD","amount":2},{"v":3839,"type":"STONE_AXE","meta":{"meta-type":"UNSPECIFIC","Damage":57}},{"v":3839,"type":"SOUL_LANTERN","amount":5},{"v":3839,"type":"WAXED_OXIDIZED_COPPER","amount":4},{"v":3839,"type":"ANVIL"},{"v":3839,"type":"REDSTONE","amount":5},{"v":3839,"type":"GOLD_BLOCK"},{"v":3839,"type":"WAXED_COPPER_BLOCK"},{"v":3839,"type":"RAW_GOLD_BLOCK","amount":2},{"v":3839,"type":"JUKEBOX"},{"v":3839,"type":"GLASS_BOTTLE"},{"v":3839,"type":"COOKED_BEEF","amount":9},{"v":3839,"type":"BONE","amount":10},{"v":3839,"type":"COOKED_MUTTON","amount":4},{"v":3839,"type":"IRON_BOOTS","meta":{"meta-type":"ARMOR","Damage":31}},{"v":3839,"type":"IRON_LEGGINGS","meta":{"meta-type":"ARMOR","Damage":31}},{"v":3839,"type":"IRON_CHESTPLATE","meta":{"meta-type":"ARMOR","Damage":31}},{"v":3839,"type":"IRON_HELMET","meta":{"meta-type":"ARMOR","Damage":31}},{"v":3839,"type":"SHIELD"}]}}}"
"2024-08-15T16:31:56Z";"CREATE_CHEST";"{"chest":{"location":{"world":"world","x":-389.0,"y":57.0,"z":-1883.0},"createdAt":1723739516710,"expireAt":-1,"owner":{"name":"pes_3243","op":false,"id":"2e6d5ac0-9c29-3520-a459-c48b0a964063","entity-id":891,"location":{"world":"world","x":-388.30775000761884,"y":57.706935992845054,"z":-1882.512499988079,"yaw":175.49939,"pitch":-62.54998}},"isProtected":false,"inventory":{"type":"CHEST","size":9,"content":[{"v":3839,"type":"ARROW"},{"v":3839,"type":"IRON_PICKAXE","meta":{"meta-type":"UNSPECIFIC","Damage":9}},{"v":3839,"type":"STONE_PICKAXE","meta":{"meta-type":"UNSPECIFIC","Damage":47}},{"v":3839,"type":"TORCH"},{"v":3839,"type":"BIRCH_PLANKS","amount":60},{"v":3839,"type":"IRON_BOOTS","meta":{"meta-type":"ARMOR","Damage":24}},{"v":3839,"type":"IRON_LEGGINGS","meta":{"meta-type":"ARMOR","Damage":21}},{"v":3839,"type":"IRON_CHESTPLATE","meta":{"meta-type":"ARMOR","Damage":21}},{"v":3839,"type":"IRON_HELMET","meta":{"meta-type":"ARMOR","Damage":21}}]}}}"
"2024-08-15T16:33:17Z";"DESTROY_CHEST";"{"chest":{"location":{"world":"world","x":-389.0,"y":57.0,"z":-1883.0},"createdAt":1723739516710,"expireAt":-1,"owner":{"name":"pes_3243","op":false,"id":"2e6d5ac0-9c29-3520-a459-c48b0a964063","entity-id":891,"location":{"world":"world","x":-388.5979014996202,"y":57.875,"z":-1882.300000011921,"yaw":68.401,"pitch":90.0}},"isProtected":false,"inventory":{"type":"CHEST","size":9,"content":[]}},"reason":"PLAYER","extra":{"player":{"name":"pes_3243","op":false,"id":"2e6d5ac0-9c29-3520-a459-c48b0a964063","entity-id":891,"location":{"world":"world","x":-388.5979014996202,"y":57.875,"z":-1882.300000011921,"yaw":68.401,"pitch":90.0}}}}"
"2024-08-15T16:33:50Z";"DESTROY_CHEST";"{"chest":{"location":{"world":"world","x":-388.0,"y":56.0,"z":-1873.0},"createdAt":1723739514418,"expireAt":-1,"owner":{"name":"KKK","op":false,"id":"7dc47e18-f71e-3c49-aad5-6774a6fdabd3","entity-id":35244,"location":{"world":"world","x":-388.30000001192093,"y":56.0,"z":-1874.6321601348532,"yaw":-23.099886,"pitch":23.249966}},"isProtected":false,"inventory":{"type":"CHEST","size":45,"content":[]}},"reason":"PLAYER","extra":{"player":{"name":"KKK","op":false,"id":"7dc47e18-f71e-3c49-aad5-6774a6fdabd3","entity-id":35244,"location":{"world":"world","x":-388.30000001192093,"y":56.0,"z":-1874.6321601348532,"yaw":-23.099886,"pitch":23.249966}}}}"
